code,system
1276.11,readv2
13FD100,readv2
13H4311,readv2
13H4312,readv2
13HD.00,readv2
13HG.11,readv2
13HV311,readv2
13I7200,readv2
13IL.00,readv2
13L1.11,readv2
13L1200,readv2
13L6.00,readv2
13W7000,readv2
13WE.00,readv2
1F81.00,readv2
8C92.00,readv2
9d30.00,readv2
131..00,readv2
131..11,readv2
131..12,readv2
131Z.00,readv2
1311.00,readv2
1312.00,readv2
13EF.00,readv2
1311.11,readv2
1331.00,readv2
1331.11,readv2
1332.00,readv2
133S.00,readv2
13H4300,readv2
13H6.11,readv2
1332.11,readv2
1332.12,readv2
1335.00,readv2
133C.00,readv2
133V.00,readv2
1333.00,readv2
1333.11,readv2
1333.12,readv2
13I7100,readv2
13MH.00,readv2
8C81.12,readv2
9d31.00,readv2
ZU14111,readv2
ZV26500,readv2
1333.13,readv2
13H4.11,readv2
13H4.12,readv2
13H4100,readv2
13H4200,readv2
13H4211,readv2
13H4212,readv2
13H4213,readv2
13H5.00,readv2
13HT114,readv2
13HV400,readv2
13IL200,readv2
13IL300,readv2
10330,med
11103,med
11251,med
12076,med
12325,med
13001,med
1328,med
1349,med
15020,med
15115,med
1522,med
15313,med
1540,med
15404,med
15527,med
15777,med
1580,med
15824,med
15950,med
16262,med
16315,med
16344,med
16552,med
17538,med
17802,med
20079,med
20149,med
20217,med
20313,med
20536,med
207,med
2093,med
21346,med
2159,med
21860,med
21925,med
22336,med
22873,med
22934,med
23385,med
23409,med
23445,med
23508,med
23514,med
23974,med
24055,med
24769,med
25097,med
25149,med
25452,med
25503,med
27385,med
27434,med
27572,med
28360,med
28440,med
28985,med
29543,med
29544,med
30597,med
30950,med
31678,med
32984,med
33001,med
33006,med
33153,med
33188,med
3321,med
333,med
3394,med
34771,med
3483,med
3551,med
36077,med
36299,med
36333,med
36947,med
37113,med
3719,med
37265,med
37551,med
38003,med
38325,med
39292,med
3988,med
400,med
40493,med
41203,med
41236,med
4204,med
42321,med
42386,med
42398,med
42402,med
42428,med
42454,med
4312,med
45005,med
45178,med
47408,med
47411,med
4925,med
49666,med
50149,med
50485,med
5055,med
54096,med
54816,med
56178,med
59817,med
59829,med
6056,med
60723,med
61291,med
63118,med
723,med
7419,med
7869,med
838,med
8470,med
88373,med
9112,med
94044,med
94555,med
94917,med
95101,med
954,med
9612,med
96856,med
97076,med
97398,med
9910,med
1333.14,readv2
1334.00,readv2
13H3.00,readv2
13H3.11,readv2
1336.00,readv2
133F.00,readv2
133F.11,readv2
133G.00,readv2
133H.00,readv2
133T.00,readv2
133Z.00,readv2
13D2.00,readv2
13H1.00,readv2
13H2.00,readv2
13H3000,readv2
13H3100,readv2
13H4.00,readv2
13HV.00,readv2
13HVZ00,readv2
1AZ5.00,readv2
13H5.11,readv2
13H5.12,readv2
13H6.00,readv2
13HA.00,readv2
13HC.00,readv2
13HE.00,readv2
13HF.00,readv2
13HG.00,readv2
13HH.13,readv2
13HH.15,readv2
13HH.16,readv2
13HM.11,readv2
13HM.12,readv2
13HV000,readv2
13HV100,readv2
13HV200,readv2
13HV011,readv2
13HV012,readv2
13HX.00,readv2
13HY.00,readv2
13Hc.00,readv2
13I2.00,readv2
13ID.00,readv2
13L6.11,readv2
13L7.00,readv2
1A85.00,readv2
1AZ4.00,readv2
6124.00,readv2
6124.11,readv2
6127.00,readv2
68b7.00,readv2
918j.00,readv2
U3M0.00,readv2
13IL100,readv2
13Ir.00,readv2
13L3.11,readv2
13L3.13,readv2
13M1.00,readv2
13MF.00,readv2
13MG.00,readv2
13MI.00,readv2
ZU14100,readv2
13W9.00,readv2
13W9000,readv2
6123.00,readv2
13W9011,readv2
9d32.00,readv2
SN56300,readv2
SN56400,readv2
ZL31300,readv2
ZL73300,readv2
ZLB4.00,readv2
ZLD1300,readv2